{"cameraMode":{"drawMode":0,"name":"Shaded","section":"Shading Mode"},"sceneLighting":true,"audioPlay":false,"sceneViewState":{"showFog":true,"showMaterialUpdate":false,"showSkybox":true,"showFlares":true,"showImageEffects":true,"showParticleSystems":true},"in2DMode":false,"pivot":{"x":-10.86484146118164,"y":-8.981484413146973,"z":-34.54615020751953},"rotation":{"x":-0.10166630148887634,"y":0.6603423357009888,"z":-0.09090887755155564,"w":-0.738479495048523},"size":62.32373046875,"orthographic":false}