{"cameraMode":{"drawMode":0,"name":"Shaded","section":"Shading Mode"},"sceneLighting":true,"audioPlay":false,"sceneViewState":{"showFog":true,"showMaterialUpdate":false,"showSkybox":true,"showFlares":true,"showImageEffects":true,"showParticleSystems":true},"in2DMode":false,"pivot":{"x":3.379425048828125,"y":-6.283382415771484,"z":-1.0352325439453126},"rotation":{"x":-0.21445739269256593,"y":0.40997740626335146,"z":-0.09981129318475723,"w":-0.8808899521827698},"size":81.33170318603516,"orthographic":false}