{"cameraMode":{"drawMode":0,"name":"Shaded","section":"Shading Mode"},"sceneLighting":true,"audioPlay":false,"sceneViewState":{"showFog":true,"showMaterialUpdate":false,"showSkybox":true,"showFlares":true,"showImageEffects":true,"showParticleSystems":true},"in2DMode":false,"pivot":{"x":33.67967224121094,"y":90.81861877441406,"z":74.01940155029297},"rotation":{"x":-0.031523171812295917,"y":-0.7381996512413025,"z":0.0345817394554615,"w":-0.6729705929756165},"size":188.24319458007813,"orthographic":false}