{"cameraMode":{"drawMode":0,"name":"Shaded","section":"Shading Mode"},"sceneLighting":true,"audioPlay":false,"sceneViewState":{"showFog":true,"showMaterialUpdate":false,"showSkybox":true,"showFlares":true,"showImageEffects":true,"showParticleSystems":true},"in2DMode":false,"pivot":{"x":31.029067993164064,"y":4.676822185516357,"z":-29.95899200439453},"rotation":{"x":-0.15664835274219514,"y":0.5945735573768616,"z":-0.1194799542427063,"w":-0.7795360684394836},"size":32.55521011352539,"orthographic":false}