{"cameraMode":{"drawMode":0,"name":"Shaded","section":"Shading Mode"},"sceneLighting":false,"audioPlay":false,"sceneViewState":{"showFog":true,"showMaterialUpdate":false,"showSkybox":true,"showFlares":true,"showImageEffects":true,"showParticleSystems":true},"in2DMode":false,"pivot":{"x":194.53225708007813,"y":15.384841918945313,"z":174.093017578125},"rotation":{"x":0.1786419004201889,"y":0.08758299797773361,"z":-0.015946507453918458,"w":0.9799745678901672},"size":299.10614013671877,"orthographic":false}