{"cameraMode":{"drawMode":0,"name":"Shaded","section":"Shading Mode"},"sceneLighting":true,"audioPlay":false,"sceneViewState":{"showFog":true,"showMaterialUpdate":false,"showSkybox":true,"showFlares":true,"showImageEffects":true,"showParticleSystems":true},"in2DMode":false,"pivot":{"x":-0.5998142957687378,"y":0.49695706367492678,"z":0.05001544952392578},"rotation":{"x":0.17353394627571107,"y":0.4972793757915497,"z":-0.10225887596607208,"w":0.843885064125061},"size":82.25523376464844,"orthographic":false}