{"cameraMode":{"drawMode":0,"name":"Shaded","section":"Shading Mode"},"sceneLighting":false,"audioPlay":false,"sceneViewState":{"showFog":true,"showMaterialUpdate":false,"showSkybox":true,"showFlares":true,"showImageEffects":true,"showParticleSystems":true},"in2DMode":false,"pivot":{"x":360.55035400390627,"y":411.93963623046877,"z":450.14093017578127},"rotation":{"x":0.10801061987876892,"y":-0.040256332606077197,"z":0.004382671322673559,"w":0.9933393597602844},"size":1357.5557861328125,"orthographic":false}