{"cameraMode":{"drawMode":0,"name":"Shaded","section":"Shading Mode"},"sceneLighting":false,"audioPlay":false,"sceneViewState":{"showFog":true,"showMaterialUpdate":false,"showSkybox":true,"showFlares":true,"showImageEffects":true,"showParticleSystems":true},"in2DMode":false,"pivot":{"x":360.55035400390627,"y":411.93963623046877,"z":450.14093017578127},"rotation":{"x":0.11253531277179718,"y":-0.02533956989645958,"z":0.002876154612749815,"w":0.9933348894119263},"size":1357.5557861328125,"orthographic":false}