{"cameraMode":{"drawMode":0,"name":"Shaded","section":"Shading Mode"},"sceneLighting":false,"audioPlay":false,"sceneViewState":{"showFog":true,"showMaterialUpdate":false,"showSkybox":false,"showFlares":true,"showImageEffects":true,"showParticleSystems":true},"in2DMode":false,"pivot":{"x":5.999819755554199,"y":1.8899998664855958,"z":-2.190000057220459},"rotation":{"x":-0.05095311254262924,"y":0.9413819909095764,"z":-0.16577443480491639,"w":-0.28934717178344729},"size":17.317928314208986,"orthographic":false}