{"cameraMode":{"drawMode":0,"name":"Shaded","section":"Shading Mode"},"sceneLighting":true,"audioPlay":false,"sceneViewState":{"showFog":true,"showMaterialUpdate":false,"showSkybox":true,"showFlares":true,"showImageEffects":true,"showParticleSystems":true},"in2DMode":false,"pivot":{"x":1.9294967651367188,"y":-4.452089309692383,"z":16.02798080444336},"rotation":{"x":-0.1052856519818306,"y":0.7749727964401245,"z":-0.13407443463802339,"w":-0.6085687875747681},"size":48.351932525634769,"orthographic":false}