{"cameraMode":{"drawMode":0,"name":"Shaded","section":"Shading Mode"},"sceneLighting":false,"audioPlay":false,"sceneViewState":{"showFog":true,"showMaterialUpdate":false,"showSkybox":true,"showFlares":true,"showImageEffects":true,"showParticleSystems":true},"in2DMode":false,"pivot":{"x":438.59619140625,"y":13.850372314453125,"z":375.11212158203127},"rotation":{"x":0.1749078333377838,"y":-0.000003663698635136825,"z":0.000006200664756761398,"w":0.984599232673645},"size":1386.06591796875,"orthographic":false}