{"cameraMode":{"drawMode":0,"name":"Shaded","section":"Shading Mode"},"sceneLighting":true,"audioPlay":false,"sceneViewState":{"showFog":false,"showMaterialUpdate":false,"showSkybox":false,"showFlares":false,"showImageEffects":false,"showParticleSystems":false},"in2DMode":false,"pivot":{"x":983.3353881835938,"y":598.1461181640625,"z":-609.790283203125},"rotation":{"x":-0.20541207492351533,"y":0.5747437477111816,"z":-0.15185488760471345,"w":-0.777450442314148},"size":531.115234375,"orthographic":false}