{"cameraMode":{"drawMode":0,"name":"Shaded","section":"Shading Mode"},"sceneLighting":true,"audioPlay":false,"sceneViewState":{"showFog":true,"showMaterialUpdate":false,"showSkybox":true,"showFlares":true,"showImageEffects":true,"showParticleSystems":true},"in2DMode":false,"pivot":{"x":-3.705427885055542,"y":3.792558431625366,"z":0.2172878235578537},"rotation":{"x":-0.0016596757341176272,"y":0.9981501698493958,"z":-0.03176156431436539,"w":-0.0521487332880497},"size":5.745234966278076,"orthographic":false}