{"cameraMode":{"drawMode":0,"name":"Shaded","section":"Shading Mode"},"sceneLighting":true,"audioPlay":false,"sceneViewState":{"showFog":true,"showMaterialUpdate":false,"showSkybox":true,"showFlares":true,"showImageEffects":true,"showParticleSystems":true},"in2DMode":false,"pivot":{"x":52.51110076904297,"y":-3.7059621810913088,"z":6.685232162475586},"rotation":{"x":-0.11932771652936936,"y":-0.40105536580085757,"z":0.052701860666275027,"w":-0.9067997336387634},"size":41.96276092529297,"orthographic":false}