{"cameraMode":{"drawMode":0,"name":"Shaded","section":"Shading Mode"},"sceneLighting":false,"audioPlay":false,"sceneViewState":{"showFog":true,"showMaterialUpdate":false,"showSkybox":false,"showFlares":true,"showImageEffects":true,"showParticleSystems":true},"in2DMode":false,"pivot":{"x":24.75774383544922,"y":7.010710716247559,"z":-18.96122169494629},"rotation":{"x":-0.043978251516819,"y":-0.24100150167942048,"z":0.01089252158999443,"w":-0.9697175621986389},"size":5.504993915557861,"orthographic":false}