{"cameraMode":{"drawMode":0,"name":"Shaded","section":"Shading Mode"},"sceneLighting":false,"audioPlay":false,"sceneViewState":{"showFog":true,"showMaterialUpdate":false,"showSkybox":true,"showFlares":true,"showImageEffects":true,"showParticleSystems":true},"in2DMode":false,"pivot":{"x":28.378585815429689,"y":-45.07615280151367,"z":74.36109161376953},"rotation":{"x":-0.2663079798221588,"y":0.3586440980434418,"z":-0.10778313875198364,"w":-0.8885049819946289},"size":150.16058349609376,"orthographic":false}