{"cameraMode":{"drawMode":0,"name":"Shaded","section":"Shading Mode"},"sceneLighting":true,"audioPlay":false,"sceneViewState":{"showFog":true,"showMaterialUpdate":false,"showSkybox":true,"showFlares":true,"showImageEffects":true,"showParticleSystems":true},"in2DMode":false,"pivot":{"x":411.1772155761719,"y":189.93356323242188,"z":243.1024169921875},"rotation":{"x":-0.02726108580827713,"y":0.05754375830292702,"z":-0.001572017907164991,"w":-0.9979704022407532},"size":1047.6302490234375,"orthographic":false}