{"cameraMode":{"drawMode":0,"name":"Shaded","section":"Shading Mode"},"sceneLighting":false,"audioPlay":false,"sceneViewState":{"showFog":true,"showMaterialUpdate":false,"showSkybox":true,"showFlares":true,"showImageEffects":true,"showParticleSystems":true},"in2DMode":false,"pivot":{"x":31.037857055664064,"y":-11.820106506347657,"z":57.04902648925781},"rotation":{"x":-0.17141570150852204,"y":0.26308077573776247,"z":-0.04753590747714043,"w":-0.9483827948570252},"size":130.0252227783203,"orthographic":false}