{"cameraMode":{"drawMode":0,"name":"Shaded","section":"Shading Mode"},"sceneLighting":true,"audioPlay":false,"sceneViewState":{"showFog":true,"showMaterialUpdate":false,"showSkybox":true,"showFlares":true,"showImageEffects":true,"showParticleSystems":true},"in2DMode":false,"pivot":{"x":-11.22402572631836,"y":-0.3343830108642578,"z":-5.030265808105469},"rotation":{"x":-0.040249697864055637,"y":-0.9595802426338196,"z":0.20336884260177613,"w":-0.19077913463115693},"size":88.03314208984375,"orthographic":false}