{"cameraMode":{"drawMode":0,"name":"Shaded","section":"Shading Mode"},"sceneLighting":true,"audioPlay":false,"sceneViewState":{"showFog":true,"showMaterialUpdate":false,"showSkybox":true,"showFlares":true,"showImageEffects":true,"showParticleSystems":true},"in2DMode":false,"pivot":{"x":0.5984721183776856,"y":0.52056884765625,"z":-3.1623077392578127},"rotation":{"x":-0.23730093240737916,"y":-0.22289426624774934,"z":0.05603864789009094,"w":-0.9438612461090088},"size":22.0,"orthographic":false}