{"cameraMode":{"drawMode":0,"name":"Shaded","section":"Shading Mode"},"sceneLighting":false,"audioPlay":false,"sceneViewState":{"showFog":true,"showMaterialUpdate":false,"showSkybox":false,"showFlares":true,"showImageEffects":true,"showParticleSystems":true},"in2DMode":false,"pivot":{"x":1.4608101844787598,"y":1.0299999713897706,"z":-2.8531596660614015},"rotation":{"x":-0.12930436432361604,"y":0.4136175811290741,"z":-0.059473808854818347,"w":-0.8992676138877869},"size":4.041658878326416,"orthographic":false}