{"cameraMode":{"drawMode":0,"name":"Shaded","section":"Shading Mode"},"sceneLighting":true,"audioPlay":false,"sceneViewState":{"showFog":true,"showMaterialUpdate":false,"showSkybox":true,"showFlares":true,"showImageEffects":true,"showParticleSystems":true},"in2DMode":false,"pivot":{"x":155.2025909423828,"y":-27.908950805664064,"z":57.58738708496094},"rotation":{"x":-0.16765564680099488,"y":-0.7265899777412415,"z":0.19080707430839539,"w":-0.6384177207946777},"size":277.11175537109377,"orthographic":false}