{"cameraMode":{"drawMode":0,"name":"Shaded","section":"Shading Mode"},"sceneLighting":false,"audioPlay":false,"sceneViewState":{"showFog":true,"showMaterialUpdate":false,"showSkybox":true,"showFlares":true,"showImageEffects":true,"showParticleSystems":true},"in2DMode":false,"pivot":{"x":686.3800048828125,"y":528.9357299804688,"z":-783.3340454101563},"rotation":{"x":0.15243270993232728,"y":-0.24051906168460847,"z":0.03826288506388664,"w":0.9578682780265808},"size":8.326703071594239,"orthographic":false}