{"cameraMode":{"drawMode":0,"name":"Shaded","section":"Shading Mode"},"sceneLighting":true,"audioPlay":false,"sceneViewState":{"showFog":true,"showMaterialUpdate":false,"showSkybox":true,"showFlares":true,"showImageEffects":true,"showParticleSystems":true},"in2DMode":false,"pivot":{"x":60.382774353027347,"y":-23.14595603942871,"z":140.3046417236328},"rotation":{"x":0.2635953426361084,"y":-0.24797619879245759,"z":0.07031706720590592,"w":0.9295834898948669},"size":150.19349670410157,"orthographic":false}