{"cameraMode":{"drawMode":0,"name":"Shaded","section":"Shading Mode"},"sceneLighting":false,"audioPlay":false,"sceneViewState":{"showFog":true,"showMaterialUpdate":false,"showSkybox":false,"showFlares":true,"showImageEffects":true,"showParticleSystems":true},"in2DMode":false,"pivot":{"x":9.044027328491211,"y":2.378978729248047,"z":-8.946205139160157},"rotation":{"x":-0.06051299721002579,"y":-0.20046450197696687,"z":0.01240511890500784,"w":-0.9777812957763672},"size":10.240640640258789,"orthographic":false}