{"cameraMode":{"drawMode":0,"name":"Shaded","section":"Shading Mode"},"sceneLighting":false,"audioPlay":false,"sceneViewState":{"showFog":true,"showMaterialUpdate":false,"showSkybox":false,"showFlares":true,"showImageEffects":true,"showParticleSystems":true},"in2DMode":false,"pivot":{"x":-1.0651278495788575,"y":2.00753116607666,"z":0.8519799709320068},"rotation":{"x":0.1811315268278122,"y":0.41482722759246828,"z":-0.0847570151090622,"w":0.8878106474876404},"size":0.284150630235672,"orthographic":false}