{"cameraMode":{"drawMode":0,"name":"Shaded","section":"Shading Mode"},"sceneLighting":false,"audioPlay":false,"sceneViewState":{"showFog":true,"showMaterialUpdate":false,"showSkybox":true,"showFlares":true,"showImageEffects":true,"showParticleSystems":true},"in2DMode":false,"pivot":{"x":61.72386169433594,"y":-19.606311798095704,"z":46.716007232666019},"rotation":{"x":-0.0012999752070754767,"y":-0.9124609231948853,"z":0.40946313738822939,"w":-0.003338303416967392},"size":116.22830200195313,"orthographic":false}