{"cameraMode":{"drawMode":0,"name":"Shaded","section":"Shading Mode"},"sceneLighting":false,"audioPlay":false,"sceneViewState":{"showFog":true,"showMaterialUpdate":false,"showSkybox":true,"showFlares":true,"showImageEffects":true,"showParticleSystems":true},"in2DMode":false,"pivot":{"x":80.74940490722656,"y":-22.66806983947754,"z":22.940876007080079},"rotation":{"x":0.09460094571113587,"y":0.9009553790092468,"z":-0.24819380044937135,"w":0.34341683983802798},"size":157.74435424804688,"orthographic":false}