{"cameraMode":{"drawMode":0,"name":"Shaded","section":"Shading Mode"},"sceneLighting":true,"audioPlay":false,"sceneViewState":{"showFog":true,"showMaterialUpdate":false,"showSkybox":true,"showFlares":true,"showImageEffects":true,"showParticleSystems":true},"in2DMode":false,"pivot":{"x":51.1309700012207,"y":-17.595470428466798,"z":32.03232192993164},"rotation":{"x":0.04789084568619728,"y":0.9521713256835938,"z":-0.22424009442329408,"w":0.2029188871383667},"size":132.17437744140626,"orthographic":false}