{"cameraMode":{"drawMode":0,"name":"Shaded","section":"Shading Mode"},"sceneLighting":false,"audioPlay":false,"sceneViewState":{"showFog":true,"showMaterialUpdate":false,"showSkybox":false,"showFlares":true,"showImageEffects":true,"showParticleSystems":true},"in2DMode":false,"pivot":{"x":24.757402420043947,"y":7.078965187072754,"z":-18.96099853515625},"rotation":{"x":0.019485514611005784,"y":0.18110808730125428,"z":-0.003571796929463744,"w":0.9833728671073914},"size":5.927290439605713,"orthographic":false}